Block Size (MB),Trial Num,Allocation Time (ms),Write Time (ms),Read Time (ms),Free Time (ms)
100,1,59,283226,283107,564
100,2,726,283183,283115,618
100,3,60,283213,283110,23
100,4,679,283208,283118,596
100,5,79,283165,283106,23
100,6,126,283198,283087,26
100,7,57,283233,283157,27
100,8,108,283214,283127,26
100,9,68,283187,283142,25
100,10,87,283212,283137,26
100,11,67,283407,283123,27
100,12,96,283338,283178,26
100,13,65,283391,283177,22
100,14,88,283267,283173,26
100,15,58,283146,283142,24
100,16,81,283169,283129,23
100,17,56,283258,283138,22
100,18,88,283248,283147,27
100,19,70,283212,283086,24
100,20,4,283264,283137,27
100,21,647,283282,283170,599
100,22,105,283269,283171,23
100,23,2,283351,283131,27
100,24,105,283241,283175,28
100,25,97,283394,283163,23
100,26,2,283242,283138,23
100,27,77,283209,283113,28
100,28,95,283270,283123,27
100,29,6,283184,283128,25
100,30,3,283215,283136,27
100,31,627,283251,283139,590
100,32,119,283213,283144,24
100,33,4,283275,283157,26
100,34,5,283282,283135,26
100,35,106,283250,283090,28
100,36,123,283186,283116,25
100,37,5,283146,283126,28
100,38,7,283276,283130,27
100,39,4,283176,283084,26
100,40,90,283177,283114,609
100,41,155,283196,283075,26
100,42,7,283228,283129,26
100,43,5,283200,283108,28
100,44,7,283210,283129,27
100,45,100,283215,283119,26
100,46,157,283209,283168,27
100,47,7,283307,283163,28
100,48,5,283227,283102,26
100,49,4,283266,283135,26
100,50,1,283186,283104,28
100,51,663,283208,283128,581
100,52,192,283207,283164,23
100,53,2,283233,283132,27
100,54,7,283222,283107,26
100,55,4,283238,283141,26
100,56,3,283169,283158,26
100,57,1,283214,283111,26
100,58,137,283219,283101,639
100,59,200,283244,283143,24
100,60,4,283218,283165,27
100,61,8,283344,283194,25
100,62,1,283381,283153,28
100,63,8,283193,283094,27
100,64,1,283227,283097,27
100,65,98,283231,283169,24
100,66,209,283172,283101,27
100,67,9,283273,283130,28
100,68,4,283195,283110,28
100,69,1,283228,283171,28
100,70,7,283231,283145,26
100,71,1,283403,283194,24
100,72,1,283402,283132,25
100,73,659,283278,283183,591
100,74,254,283242,283160,27
100,75,7,283224,283125,25
100,76,1,283246,283145,27
100,77,6,283273,283113,25
100,78,1,283277,283131,27
100,79,3,283223,283079,24
100,80,2,283234,283102,26
100,81,6,283182,283117,29
100,82,119,283185,283111,597
100,83,271,283214,283121,28
100,84,9,283180,283140,28
100,85,3,283267,283111,27
100,86,7,283188,283105,29
100,87,9,283253,283146,29
100,88,7,283330,283208,25
100,89,3,283221,283178,24
100,90,4,283230,283154,27
100,91,5,283206,283143,26
100,92,666,283199,283171,596
100,93,308,283227,283118,23
100,94,2,283363,283093,27
100,95,6,283207,283098,25
100,96,1,283281,283161,27
100,97,6,283217,283182,28
100,98,5,283163,283098,24
100,99,3,283205,283102,25
100,100,5,283217,283107,25
200,1,1,566464,566211,55
200,2,121,566409,566181,1181
200,3,360,566438,566200,55
200,4,10,566427,566281,54
200,5,9,566454,566209,55
200,6,57,566420,566241,1165
200,7,6,566433,566194,1179
200,8,32,566432,566157,1174
200,9,118,566548,566269,1225
200,10,437,566519,566368,48
200,11,2,566598,566234,53
200,12,10,566458,566247,54
200,13,22,566432,566380,57
200,14,9,566324,566300,54
200,15,5,566441,566235,56
200,16,104,566478,566216,52
200,17,423,566582,566362,56
200,18,10,566413,566266,54
200,19,8,566499,566204,55
200,20,4,566430,566208,57
200,21,7,566434,566278,59
200,22,6,566421,566278,59
200,23,8,566445,566239,56
200,24,692,566473,566384,1174
200,25,493,566423,566258,49
200,26,2,566563,566295,54
200,27,9,566755,566317,57
200,28,10,566376,566354,57
200,29,6,566622,566350,56
200,30,5,566479,566207,57
200,31,6,566446,566277,53
200,32,8,566435,566267,56
200,33,131,566592,566307,1202
200,34,544,566425,566286,52
200,35,6,566622,566279,54
200,36,9,566496,566540,54
200,37,9,566306,566288,57
200,38,1,566575,566185,59
200,39,7,566410,566217,56
200,40,6,566333,566251,52
200,41,6,566434,566296,55
200,42,5,566470,566250,51
200,43,691,566463,566246,1192
200,44,609,566449,566217,50
200,45,3,566381,566229,53
200,46,7,566592,566243,55
200,47,4,566423,566220,58
200,48,8,566467,566338,57
200,49,4,566461,566275,58
200,50,9,566319,566314,52
200,51,5,566461,566265,56
200,52,7,566388,566306,53
200,53,8,566509,566271,56
200,54,27,566516,566440,1225
200,55,131,566448,566252,1220
200,56,714,566445,566223,51
200,57,6,566407,566285,54
200,58,7,566708,566218,57
200,59,4,566431,566272,57
200,60,7,566499,566214,57
200,61,4,566561,566379,57
200,62,8,566473,566263,54
200,63,9,566546,566333,56
200,64,4,566438,566231,52
200,65,6,566503,566279,57
200,66,6,566323,566261,54
200,67,5,566438,566216,52
200,68,717,566422,566157,1193
200,69,775,566397,566245,56
200,70,11,566650,566383,54
200,71,7,566464,566238,54
200,72,6,566417,566301,59
200,73,7,566298,566254,57
200,74,5,566394,566227,58
200,75,7,566405,566192,50
200,76,2,566446,566146,54
200,77,2,566420,566262,53
200,78,9,566365,566254,59
200,79,9,566406,566206,55
200,80,9,566447,566303,53
200,81,9,566411,566234,52
200,82,27,566404,566348,1206
200,83,119,566484,566297,1222
200,84,889,566360,566142,48
200,85,3,566399,566245,54
200,86,9,566468,566329,55
200,87,6,566464,566227,54
200,88,2,566423,566404,58
200,89,7,566565,566234,58
200,90,9,566435,566308,53
200,91,8,566481,566286,58
200,92,9,566319,566186,51
200,93,6,566584,566332,55
200,94,2,566392,566332,54
200,95,6,566361,566352,52
200,96,6,566476,566293,53
200,97,8,566547,566194,55
200,98,5,566486,566297,53
200,99,102,566472,566233,1156
200,100,953,566376,566286,57
300,1,7,849665,849413,630
300,2,18,849753,849371,81
300,3,26,849670,849411,84
300,4,26,850203,849478,76
300,5,26,849875,849374,74
300,6,5,849716,849307,1101
300,7,15,849669,849294,73
300,8,20,849697,849432,75
300,9,27,849647,849313,78
300,10,25,849597,849288,75
300,11,38,849641,849514,1733
300,12,116,849708,849398,1686
300,13,1006,849848,849532,75
300,14,10,849602,849295,80
300,15,6,849670,849319,82
300,16,6,849694,849394,77
300,17,8,849684,849298,74
300,18,7,849571,849374,75
300,19,9,849516,849318,76
300,20,9,849578,849336,74
300,21,4,849571,849334,76
300,22,6,849754,849320,75
300,23,6,849768,849456,75
300,24,28,849981,849307,1657
300,25,743,849698,849522,1719
300,26,1055,849765,849442,80
300,27,10,849600,849332,77
300,28,9,849537,849323,83
300,29,8,849796,849501,76
300,30,7,849631,849462,75
300,31,7,850107,849390,74
300,32,8,849579,849360,75
300,33,10,849647,849369,75
300,34,10,849897,849425,77
300,35,6,849804,849380,75
300,36,8,849679,849323,75
300,37,9,849657,849539,75
300,38,9,849583,849469,80
300,39,141,849689,849334,1701
300,40,1139,849607,849359,78
300,41,10,849616,849499,79
300,42,8,849853,849284,84
300,43,8,849721,849361,77
300,44,9,849671,849430,74
300,45,5,849898,849393,75
300,46,9,849513,849398,74
300,47,6,850086,849465,71
300,48,2,849979,849489,76
300,49,8,849744,849389,75
300,50,8,849640,849383,75
300,51,8,849806,849391,74
300,52,7,849780,849364,78
300,53,6,849560,849407,75
300,54,122,849686,849583,1710
300,55,1209,849816,849336,76
300,56,9,849666,849352,80
300,57,8,849658,849366,83
300,58,4,849677,849381,76
300,59,7,849816,849520,76
300,60,6,849980,849381,75
300,61,9,849710,849564,75
300,62,9,849611,849349,75
300,63,9,849656,849510,77
300,64,9,849822,849482,72
300,65,2,849779,849386,75
300,66,9,849657,849336,75
300,67,9,849845,849343,78
300,68,6,849626,849296,74
300,69,7,849614,849428,74
300,70,110,849657,849349,1671
300,71,1292,849604,849416,74
300,72,7,849724,849297,73
300,73,5,849517,849360,82
300,74,6,849677,849330,76
300,75,7,849734,849322,75
300,76,7,849562,849303,74
300,77,7,849562,849542,75
300,78,9,849627,849319,75
300,79,9,849670,849299,78
300,80,9,849630,849561,75
300,81,8,849662,849492,72
300,82,4,849790,849339,75
300,83,7,849662,849349,82
300,84,9,849519,849467,75
300,85,8,849760,849329,75
300,86,6,849657,849325,73
300,87,738,849589,849322,1715
300,88,1377,849654,849659,78
300,89,10,850013,849496,82
300,90,9,849710,849382,80
300,91,8,849639,849539,77
300,92,8,849836,849404,75
300,93,6,849640,849323,75
300,94,9,849588,849327,75
300,95,9,849650,849467,75
300,96,9,849740,849500,76
300,97,7,849574,849299,71
300,98,2,849585,849325,75
300,99,9,849780,849664,75
300,100,9,849628,849238,81
400,1,29,1133011,1132437,104
400,2,28,1132856,1132427,105
400,3,23,1132671,1132625,2338
400,4,130,1132908,1132392,2377
400,5,1469,1132933,1132549,116
400,6,24,1132958,1132427,111
400,7,20,1132853,1132415,104
400,8,16,1133107,1132509,105
400,9,22,1132876,1132627,106
400,10,6,1132963,1132573,105
400,11,26,1132889,1132449,103
400,12,20,1132829,1132435,109
400,13,8,1133029,1132560,105
400,14,9,1133107,1132684,105
400,15,26,1133004,1132474,107
400,16,69,1133017,1132504,2365
400,17,18,1132767,1132570,2379
400,18,16,1132943,1132623,2386
400,19,117,1132928,1132713,2345
400,20,1677,1132916,1132400,103
400,21,3,1132820,1132598,109
400,22,8,1132936,1132465,105
400,23,9,1132897,1132512,105
400,24,9,1132977,1132469,106
400,25,7,1132862,1132475,104
400,26,9,1133041,1132506,105
400,27,9,1133142,1132542,107
400,28,9,1133471,1132532,106
400,29,9,1132857,1132401,105
400,30,9,1132841,1132567,106
400,31,27,1132664,1132489,105
400,32,23,1132935,1132462,819
400,33,9,1133250,1132456,105
400,34,8,1132808,1132537,105
400,35,7,1132883,1132595,105
400,36,794,1133233,1132554,2359
400,37,1904,1132937,1132598,117
400,38,11,1132910,1132563,110
400,39,9,1133244,1132487,102
400,40,3,1133050,1132617,105
400,41,9,1133225,1132522,106
400,42,6,1132952,1132660,105
400,43,9,1133328,1132539,104
400,44,9,1132795,1132611,107
400,45,7,1133386,1132602,106
400,46,9,1132902,1132609,106
400,47,9,1132855,1132495,106
400,48,9,1133085,1132559,105
400,49,9,1132660,1132456,106
400,50,9,1132680,1132455,105
400,51,8,1132757,1132611,106
400,52,9,1132924,1132727,105
400,53,7,1133170,1132670,115
400,54,50,1133025,1132447,2365
400,55,134,1132920,1132513,2351
400,56,2134,1133085,1132761,112
400,57,11,1132964,1132727,108
400,58,5,1132897,1132830,105
400,59,8,1132844,1132560,105
400,60,9,1132981,1132335,108
400,61,7,1133397,1132666,104
400,62,9,1133099,1132563,106
400,63,9,1132830,1132854,109
400,64,9,1133179,1132468,106
400,65,9,1132848,1132448,104
400,66,7,1132785,1132456,104
400,67,6,1132901,1132553,104
400,68,9,1132883,1132422,106
400,69,9,1133016,1132444,105
400,70,9,1132951,1132539,105
400,71,10,1132868,1132571,104
400,72,6,1133024,1132439,114
400,73,8,1132755,1132471,111
400,74,6,1132909,1132443,105
400,75,32,1132904,1132468,2373
400,76,787,1133271,1132679,2341
400,77,2348,1132771,1132713,113
400,78,11,1133559,1132573,109
400,79,6,1132933,1132532,105
400,80,10,1132782,1132686,104
400,81,9,1133597,1132727,107
400,82,7,1133103,1132475,104
400,83,7,1133043,1132456,105
400,84,9,1132873,1132652,107
400,85,9,1133097,1132500,105
400,86,9,1132797,1132462,101
400,87,1,1133127,1132433,106
400,88,9,1133093,1132548,104
400,89,9,1133092,1132550,108
400,90,9,1133365,1132489,105
400,91,9,1132710,1132588,105
400,92,9,1132835,1132633,105
400,93,6,1132936,1132816,114
400,94,9,1133014,1132396,110
400,95,9,1133238,1132601,105
400,96,8,1133022,1132577,105
400,97,8,1132749,1132718,104
400,98,33,1133114,1132470,2376
400,99,19,1132870,1132681,2357
400,100,139,1133163,1132720,2397
500,1,2685,1416514,1415691,494
500,2,21,1415978,1415560,120
500,3,26,1416041,1415508,119
500,4,28,1415946,1415771,121
500,5,22,1416135,1415886,119
500,6,6,1416663,1415861,506
500,7,18,1416078,1415664,118
500,8,27,1416344,1415786,119
500,9,21,1416225,1415725,120
500,10,26,1416590,1415829,120
500,11,7,1416195,1415756,1112
500,12,17,1416182,1415762,119
500,13,27,1416218,1415526,121
500,14,25,1416143,1415733,120
500,15,25,1416080,1415700,122
500,16,19,1416088,1415579,119
500,17,27,1415911,1415760,120
500,18,6,1416324,1415661,1448
500,19,16,1416108,1415688,127
500,20,22,1416324,1415631,120
500,21,120,1416103,1415851,2713
500,22,2623,1416092,1415663,117
500,23,3,1416041,1415984,119
500,24,9,1416232,1415543,120
500,25,10,1416112,1415913,120
500,26,8,1416184,1415649,120
500,27,7,1415976,1415842,120
500,28,9,1416030,1415870,118
500,29,6,1416349,1415792,120
500,30,8,1415978,1415984,121
500,31,9,1416250,1415580,118
500,32,7,1416008,1415764,120
500,33,9,1416262,1415726,120
500,34,7,1416065,1415702,119
500,35,8,1416019,1415840,119
500,36,9,1416196,1415828,124
500,37,7,1416502,1415919,119
500,38,9,1416140,1415764,119
500,39,6,1415932,1415817,120
500,40,9,1415971,1415855,125
500,41,9,1416101,1415773,120
500,42,26,1416205,1415768,120
500,43,844,1416043,1415589,2727
500,44,2758,1416214,1415569,120
500,45,12,1416214,1415623,120
500,46,10,1416098,1415640,120
500,47,9,1416006,1415868,122
500,48,10,1416117,1415735,119
500,49,7,1416264,1415714,121
500,50,10,1416142,1415651,119
500,51,9,1415931,1415531,120
500,52,9,1416022,1415559,120
500,53,9,1416283,1415787,119
500,54,7,1416151,1415543,120
500,55,9,1415962,1415461,118
500,56,7,1416087,1415644,120
500,57,9,1416346,1415676,120
500,58,9,1416154,1415583,125
500,59,7,1416074,1415521,121
500,60,9,1416820,1415760,120
500,61,6,1416464,1415916,119
500,62,7,1416185,1415745,125
500,63,8,1416166,1415798,119
500,64,7,1416716,1415948,119
500,65,132,1416176,1415566,119
500,66,2731,1416276,1415586,120
500,67,10,1416669,1415784,120
500,68,9,1416322,1415599,120
500,69,9,1416067,1415516,124
500,70,10,1416514,1415604,119
500,71,7,1416069,1415677,120
500,72,9,1416018,1415575,119
500,73,9,1416018,1415556,121
500,74,9,1416160,1415562,120
500,75,8,1416066,1415520,121
500,76,7,1415935,1415756,120
500,77,9,1416546,1415865,118
500,78,9,1416116,1415634,120
500,79,9,1416149,1415788,120
500,80,9,1416468,1415823,126
500,81,9,1416438,1415640,121
500,82,9,1416223,1415763,120
500,83,7,1416354,1415660,121
500,84,9,1416060,1415530,124
500,85,9,1416027,1415872,120
500,86,7,1416318,1415758,120
500,87,8,1416182,1415563,1494
500,88,110,1416208,1415523,122
500,89,2850,1416027,1415670,120
500,90,11,1416047,1415707,120
500,91,9,1416249,1415586,121
500,92,8,1416477,1415771,123
500,93,9,1416064,1415731,119
500,94,7,1415999,1415542,118
500,95,9,1416134,1415653,120
500,96,9,1416436,1415637,119
500,97,9,1415965,1415569,119
500,98,9,1416304,1415701,121
500,99,6,1416291,1415577,120
500,100,10,1416347,1415601,119
600,1,30,1699595,1698816,151
600,2,7,1699494,1698782,155
600,3,38,1699595,1698762,158
600,4,27,1699482,1698719,150
600,5,26,1699374,1698883,149
600,6,29,1699425,1698911,155
600,7,25,1700007,1698737,150
600,8,26,1699274,1698760,149
600,9,7,1699207,1698583,150
600,10,144,1699388,1698703,3364
600,11,3034,1699911,1698821,149
600,12,25,1699224,1698687,150
600,13,20,1699326,1698794,153
600,14,19,1699602,1698814,149
600,15,19,1699579,1698760,150
600,16,7,1699404,1699116,155
600,17,29,1699871,1698803,149
600,18,25,1699429,1698717,150
600,19,29,1699717,1698688,150
600,20,27,1699959,1698843,150
600,21,9,1699677,1698672,156
600,22,9,1699189,1698871,149
600,23,9,1699604,1698684,150
600,24,9,1699698,1698758,154
600,25,9,1700052,1698613,147
600,26,6,1699418,1698657,149
600,27,7,1699274,1698738,149
600,28,30,1699125,1698740,3376
600,29,20,1699393,1698948,3381
600,30,99,1699968,1698810,3366
600,31,3121,1699527,1698690,151
600,32,11,1699281,1698681,150
600,33,9,1699297,1698682,152
600,34,9,1699240,1698800,148
600,35,9,1699347,1698765,148
600,36,7,1699513,1698747,157
600,37,10,1699459,1698910,149
600,38,9,1699426,1698836,150
600,39,9,1699284,1698795,149
600,40,9,1699299,1698571,148
600,41,8,1699193,1698561,155
600,42,9,1699134,1698767,149
600,43,10,1699568,1698865,149
600,44,10,1699404,1698774,154
600,45,9,1699373,1698711,150
600,46,8,1699816,1698896,150
600,47,6,1699479,1700231,149
600,48,26,1699472,1698807,150
600,49,25,1699396,1698840,149
600,50,26,1699390,1698857,148
600,51,51,1699264,1698879,3345
600,52,143,1699206,1698822,3355
600,53,3443,1699418,1698830,149
600,54,11,1699938,1698716,150
600,55,10,1699241,1699028,150
600,56,8,1700317,1698869,149
600,57,9,1699344,1699038,150
600,58,7,1699220,1698668,158
600,59,9,1699695,1698799,149
600,60,9,1700337,1698733,150
600,61,9,1699207,1698851,150
600,62,8,1699848,1698844,149
600,63,8,1699335,1698721,156
600,64,9,1699499,1698850,148
600,65,9,1699643,1698841,149
600,66,9,1699218,1698697,155
600,67,9,1699712,1698878,150
600,68,9,1699349,1698760,150
600,69,7,1699128,1698762,150
600,70,9,1699311,1698646,150
600,71,9,1699459,1698833,150
600,72,8,1699289,1698836,150
600,73,31,1699158,1698833,150
600,74,6,1699395,1698832,155
600,75,127,1699127,1698924,3339
600,76,3597,1699447,1698671,150
600,77,12,1699261,1698900,148
600,78,10,1699451,1698838,151
600,79,10,1699785,1698855,149
600,80,10,1699356,1698819,149
600,81,7,1699566,1698651,157
600,82,10,1699259,1698873,150
600,83,9,1699446,1698615,150
600,84,10,1699219,1698802,148
600,85,9,1699395,1698882,150
600,86,9,1699301,1698653,158
600,87,10,1699259,1698726,150
600,88,9,1699317,1698791,149
600,89,9,1699283,1698735,154
600,90,9,1699261,1698648,149
600,91,9,1699307,1698631,149
600,92,7,1699285,1698744,150
600,93,9,1699491,1698803,150
600,94,9,1699655,1698750,150
600,95,8,1699492,1698698,150
600,96,10,1699292,1698715,149
600,97,8,1699019,1698796,155
600,98,7,1699396,1698798,150
600,99,59,1699815,1698852,3343
600,100,136,1699178,1698780,3324
700,1,3891,1982660,1981898,664
700,2,21,1982768,1981782,182
700,3,26,1982373,1981870,178
700,4,29,1982792,1981890,179
700,5,21,1982468,1982002,180
700,6,7,1982770,1981835,180
700,7,29,1982862,1982035,179
700,8,19,1982489,1981883,179
700,9,29,1982529,1981843,187
700,10,21,1982622,1981804,179
700,11,29,1982618,1981832,184
700,12,21,1982763,1981786,180
700,13,21,1982750,1981750,180
700,14,25,1982263,1981720,179
700,15,28,1982449,1981838,180
700,16,25,1982871,1981868,180
700,17,7,1982742,1981891,180
700,18,28,1982435,1981907,186
700,19,26,1982522,1982130,180
700,20,27,1982427,1981921,180
700,21,52,1982432,1982012,4027
700,22,21,1982508,1981989,4010
700,23,132,1982337,1981756,3996
700,24,4266,1982506,1982245,182
700,25,12,1982530,1982146,182
700,26,10,1982875,1981893,179
700,27,10,1982470,1982112,179
700,28,9,1982661,1981835,179
700,29,7,1982649,1982030,178
700,30,10,1983070,1981909,178
700,31,9,1983184,1981983,179
700,32,10,1982573,1982090,184
700,33,9,1982488,1981851,179
700,34,9,1983293,1981801,185
700,35,10,1982610,1981787,181
700,36,9,1982847,1981904,181
700,37,9,1982765,1981941,179
700,38,9,1982571,1982242,179
700,39,9,1982954,1981792,180
700,40,7,1982774,1981814,181
700,41,9,1982542,1981995,184
700,42,10,1983637,1981932,179
700,43,8,1982564,1981916,180
700,44,30,1982894,1981833,181
700,45,10,1982603,1982079,183
700,46,6,1982750,1981870,180
700,47,32,1983102,1981785,4013
700,48,127,1982791,1981700,4000
700,49,4655,1982588,1981700,184
700,50,12,1983173,1981967,182
700,51,10,1982379,1981865,179
700,52,10,1982424,1981879,179
700,53,10,1982564,1981988,178
700,54,5,1982544,1982007,180
700,55,9,1982430,1981821,181
700,56,10,1982483,1982018,179
700,57,9,1982427,1981841,187
700,58,9,1982478,1981857,179
700,59,9,1982810,1981976,184
700,60,9,1982560,1981997,179
700,61,9,1982788,1981738,179
700,62,10,1982438,1981807,180
700,63,8,1982973,1982161,179
700,64,9,1982504,1981787,179
700,65,6,1982757,1981920,180
700,66,9,1982371,1982016,184
700,67,9,1982445,1981936,180
700,68,9,1982887,1981740,180
700,69,9,1982721,1981710,179
700,70,9,1982581,1982150,185
700,71,9,1982509,1982041,179
700,72,9,1982511,1981908,180
700,73,6,1983108,1981877,179
700,74,65,1982400,1982015,3988
700,75,144,1982368,1981975,3982
700,76,5039,1982495,1981891,182
700,77,12,1982553,1981786,182
700,78,10,1982419,1982029,179
700,79,11,1982491,1982252,182
700,80,9,1982314,1981866,179
700,81,7,1982404,1981733,178
700,82,11,1982759,1981795,179
700,83,10,1983044,1982032,178
700,84,9,1983165,1981810,184
700,85,9,1982409,1981896,179
700,86,9,1982496,1981850,186
700,87,9,1982506,1981952,179
700,88,7,1982481,1981842,179
700,89,6,1982772,1981846,180
700,90,9,1983041,1982078,177
700,91,2,1982910,1981914,179
700,92,7,1982831,1981879,180
700,93,10,1982727,1981935,184
700,94,9,1982755,1981890,178
700,95,9,1982466,1981714,177
700,96,7,1982740,1981828,180
700,97,9,1982485,1981899,181
700,98,9,1982435,1981980,179
700,99,9,1982806,1981918,179
700,100,9,1982550,1981853,180
800,1,29,2265766,2265060,869
800,2,21,2265855,2265312,4624
800,3,21,2265830,2264817,4650
800,4,21,2265625,2265238,4642
800,5,102,2265829,2264876,4615
800,6,5711,2265946,2265003,213
800,7,28,2266012,2264945,244
800,8,31,2265839,2264975,209
800,9,22,2266092,2264999,210
800,10,23,2265947,2265197,209
800,11,7,2266268,2265152,220
800,12,22,2265660,2265049,215
800,13,22,2266264,2264881,211
800,14,22,2266028,2265256,215
800,15,20,2265704,2265289,209
800,16,27,2266348,2264901,209
800,17,23,2266032,2265249,208
800,18,26,2265695,2265103,209
800,19,26,2265502,2264943,213
800,20,27,2265787,2264971,209
800,21,28,2265385,2264941,208
800,22,6,2265772,2264950,2165
800,23,19,2265889,2265036,212
800,24,26,2266009,2265004,210
800,25,28,2265893,2265244,209
800,26,25,2266256,2264923,208
800,27,29,2266224,2265014,213
800,28,24,2265749,2265017,209
800,29,31,2265805,2264951,209
800,30,29,2265600,2264955,209
800,31,49,2266042,2264978,4630
800,32,22,2265789,2265197,4663
800,33,46,2265917,2265081,4734
800,34,132,2265653,2265043,4696
800,35,6285,2265601,2265428,211
800,36,13,2265885,2264861,208
800,37,11,2265929,2264982,208
800,38,11,2266266,2265044,209
800,39,11,2265738,2265322,210
800,40,7,2266143,2265150,216
800,41,10,2266035,2264989,215
800,42,10,2265830,2264922,207
800,43,11,2266831,2264985,215
800,44,10,2266062,2264951,208
800,45,8,2265944,2265296,207
800,46,10,2266322,2264936,208
800,47,10,2265829,2265115,208
800,48,10,2265923,2264969,213
800,49,10,2266277,2265156,209
800,50,10,2265676,2265182,208
800,51,6,2265864,2265158,211
800,52,10,2266077,2265093,212
800,53,9,2265844,2265064,211
800,54,10,2265778,2265343,209
800,55,9,2265822,2264915,208
800,56,10,2266151,2265311,213
800,57,10,2265901,2264844,210
800,58,11,2265908,2265148,209
800,59,10,2266114,2265127,209
800,60,29,2265816,2265261,209
800,61,10,2265850,2264971,212
800,62,10,2265970,2265236,209
800,63,7,2265857,2265361,208
800,64,32,2266149,2265290,4677
800,65,33,2266256,2265134,4741
800,66,953,2265999,2265047,4720
800,67,6930,2266110,2265250,211
800,68,13,2265700,2264917,209
800,69,11,2266551,2264924,210
800,70,11,2266309,2265026,209
800,71,11,2265822,2264877,209
800,72,7,2266052,2265180,218
800,73,11,2265701,2264937,214
800,74,9,2265657,2264934,207
800,75,10,2265813,2265085,213
800,76,10,2265778,2265147,209
800,77,10,2265950,2265013,209
800,78,10,2265839,2265100,208
800,79,9,2265703,2265354,209
800,80,10,2265743,2264922,213
800,81,10,2265587,2265207,209
800,82,11,2265509,2265035,208
800,83,7,2265647,2265062,212
800,84,10,2265941,2265062,214
800,85,10,2265759,2265114,211
800,86,11,2266059,2265175,210
800,87,9,2265759,2264978,210
800,88,10,2265840,2264947,211
800,89,11,2265645,2265057,210
800,90,10,2265871,2265215,208
800,91,11,2266157,2264881,209
800,92,10,2265793,2265149,209
800,93,10,2265977,2265137,211
800,94,10,2265703,2265061,210
800,95,10,2265965,2265135,209
800,96,10,2265717,2265247,210
800,97,9,2265586,2265031,209
800,98,10,2265603,2265028,213
800,99,31,2265603,2264934,4702
800,100,24,2265964,2265283,4725
900,1,29,2548961,2548575,5352
900,2,144,2548724,2548233,5380
900,3,7833,2549107,2548107,238
900,4,31,2550006,2548229,238
900,5,22,2549122,2548117,239
900,6,24,2548922,2548203,240
900,7,23,2549515,2548272,244
900,8,7,2548837,2548466,237
900,9,22,2548871,2547981,244
900,10,21,2549053,2548296,238
900,11,28,2549887,2549134,239
900,12,30,2549252,2548986,238
900,13,7,2549065,2548439,240
900,14,29,2549466,2548245,245
900,15,30,2549198,2548388,240
900,16,23,2548851,2548112,240
900,17,31,2548768,2548364,244
900,18,28,2549032,2548098,239
900,19,22,2548961,2548094,238
900,20,7,2548996,2548097,978
900,21,21,2549155,2548093,239
900,22,29,2549358,2547969,238
900,23,29,2549005,2548173,238
900,24,29,2549192,2548131,238
900,25,7,2548951,2548023,240
900,26,30,2548894,2548156,242
900,27,38,2549499,2548224,239
900,28,30,2548977,2548239,238
900,29,28,2548903,2548250,239
900,30,28,2548920,2548209,240
900,31,6,2548785,2547891,4081
900,32,18,2548863,2548238,241
900,33,30,2548963,2548096,238
900,34,30,2549169,2548162,237
900,35,62,2549202,2548066,5373
900,36,19,2549056,2548157,5370
900,37,40,2549328,2548537,5326
900,38,134,2548765,2548268,5312
900,39,8878,2549252,2548048,239
900,40,12,2549150,2548357,238
900,41,11,2549165,2548461,238
900,42,11,2548917,2548401,238
900,43,11,2549101,2548035,242
900,44,8,2548726,2548094,239
900,45,11,2548962,2547980,244
900,46,10,2548941,2547963,239
900,47,11,2548885,2548004,239
900,48,10,2549044,2548204,240
900,49,8,2549067,2548165,239
900,50,10,2549053,2548045,243
900,51,10,2549364,2548000,238
900,52,9,2549486,2548118,240
900,53,10,2549165,2548057,243
900,54,10,2548691,2547978,237
900,55,10,2548989,2548373,239
900,56,7,2549092,2548320,239
900,57,10,2548914,2548077,240
900,58,10,2548784,2548345,240
900,59,10,2549155,2548411,240
900,60,11,2549260,2548379,238
900,61,7,2549548,2548291,242
900,62,9,2548823,2548418,242
900,63,11,2549317,2548365,239
900,64,10,2549099,2548311,238
900,65,10,2548980,2548463,239
900,66,10,2549317,2547937,237
900,67,7,2549061,2547932,244
900,68,11,2549115,2548264,240
900,69,11,2549443,2548310,239
900,70,10,2549453,2548022,239
900,71,34,2549377,2548168,236
900,72,26,2548817,2547965,239
900,73,31,2549234,2548325,239
900,74,7,2549193,2548248,2204
900,75,7,2549908,2548098,240
900,76,32,2549050,2548145,5354
900,77,25,2549214,2548183,5329
900,78,22,2549423,2548375,5323
900,79,125,2548931,2548077,5380
900,80,10093,2549015,2548074,239
900,81,12,2549025,2548151,239
900,82,11,2549160,2547944,239
900,83,11,2548943,2548086,238
900,84,10,2548751,2548069,246
900,85,7,2549178,2548366,239
900,86,11,2549020,2548443,244
900,87,11,2548889,2548189,243
900,88,10,2549101,2548393,238
900,89,11,2549597,2548182,238
900,90,7,2549028,2548070,239
900,91,10,2549177,2548321,244
900,92,10,2549066,2548063,258
900,93,10,2549442,2548028,238
900,94,10,2549032,2548138,242
900,95,10,2549045,2548361,238
900,96,11,2549713,2547982,237
900,97,6,2549080,2548196,240
900,98,11,2549236,2548145,238
900,99,10,2548795,2548082,239
900,100,10,2549146,2548143,238
1000,1,12,2831899,2831131,239
1000,2,7,2832668,2831067,240
1000,3,11,2832241,2831332,239
1000,4,10,2832559,2831310,238
1000,5,11,2832111,2831395,238
1000,6,10,2832459,2831237,239
1000,7,11,2832186,2831317,263
1000,8,9,2832592,2831164,243
1000,9,10,2832152,2831349,242
1000,10,10,2832867,2831224,239
1000,11,11,2832315,2831327,239
1000,12,10,2833016,2831153,240
1000,13,10,2832576,2831559,238
1000,14,10,2833035,2831573,239
1000,15,7,2832895,2831116,244
1000,16,10,2832250,2831277,240
1000,17,10,2831905,2831341,238
1000,18,10,2832931,2831489,239
1000,19,10,2832242,2831833,236
1000,20,7,2832276,2831108,239
1000,21,33,2832515,2831349,5354
1000,22,8,2831886,2831326,5318
1000,23,1011,2832630,2831331,5314
1000,24,10824,2832074,2831335,239
1000,25,15,2832266,2831443,240
1000,26,12,2832957,2831735,239
1000,27,11,2833134,2831170,238
1000,28,10,2832244,2831409,244
1000,29,7,2832463,2831428,241
1000,30,11,2832344,2831589,243
1000,31,10,2832144,2831077,239
1000,32,11,2832706,2831248,239
1000,33,10,2832376,2831610,238
1000,34,7,2833127,2831624,239
1000,35,10,2832947,2831185,242
1000,36,11,2832201,2831272,239
1000,37,9,2832025,2831122,240
1000,38,10,2831855,2831472,243
1000,39,11,2832349,2831013,239
1000,40,10,2832189,2831299,238
1000,41,7,2832715,2831473,237
1000,42,10,2832182,2831151,239
1000,43,10,2832345,2831125,240
1000,44,11,2832267,2831536,239
1000,45,10,2832021,2831422,238
1000,46,6,2832190,2831288,242
1000,47,10,2832208,2831208,242
1000,48,10,2831977,2831138,239
1000,49,10,2831986,2831209,238
1000,50,10,2832541,2831618,238
1000,51,10,2833089,2831281,238
1000,52,7,2832338,2831226,242
1000,53,10,2832221,2831400,240
1000,54,11,2832252,2831311,238
1000,55,10,2832428,2831236,238
1000,56,11,2832067,2831256,238
1000,57,10,2832615,2831375,239
1000,58,11,2832129,2831260,239
1000,59,6,2832254,2831308,243
1000,60,11,2832440,2831730,239
1000,61,10,2832007,2831356,240
1000,62,10,2832036,2831494,238
1000,63,10,2832969,2831631,239
1000,64,9,2832251,2831407,240
1000,65,10,2832069,2831317,239
1000,66,10,2832355,2831365,240
1000,67,7,2832407,2831422,241
1000,68,958,2832165,2831277,5350
1000,69,11087,2832055,2831594,239
1000,70,15,2832410,2831351,238
1000,71,11,2832018,2831245,241
1000,72,11,2831991,2831549,239
1000,73,10,2832288,2831495,243
1000,74,7,2832433,2831103,238
1000,75,11,2832169,2831197,243
1000,76,10,2832229,2831134,238
1000,77,11,2832050,2831169,240
1000,78,10,2832653,2831150,239
1000,79,7,2833575,2831354,240
1000,80,10,2832419,2831318,245
1000,81,10,2832113,2831453,239
1000,82,9,2832121,2831233,239
1000,83,10,2832646,2831268,242
1000,84,11,2832324,2831498,237
1000,85,10,2832373,2831371,239
1000,86,7,2832544,2831458,239
1000,87,10,2832224,2831241,237
1000,88,10,2832133,2831394,238
1000,89,11,2832626,2831411,238
1000,90,10,2832340,2831085,239
1000,91,7,2832193,2831152,242
1000,92,11,2832173,2831307,240
1000,93,10,2832572,2831502,238
1000,94,10,2833258,2831273,239
1000,95,10,2832083,2831038,237
1000,96,10,2832393,2831508,240
1000,97,7,2832106,2831521,242
1000,98,10,2832157,2831285,240
1000,99,10,2832193,2831322,239
1000,100,10,2832180,2831080,239
